"","ds","dep_var","season","holiday","trend","events_events","sales_sales","criteo_cost","facebook_ads_brand_awareness_cost","facebook_ads_conversions_cost","facebook_ads_performance_engagement_cost","google_ads_display_only_cost","google_ads_search_brand_cost","google_ads_search_kids_cost","google_ads_search_men_cost","google_ads_search_others_cost","google_ads_search_women_cost","google_ads_shopping_cost","google_ads_video_cost","email_sales_events_delivered","emails_bau_performance_delivered","emails_campaigns_collab_delivered","emails_delivered","youtube_organic_impressions","intercept","depVarHat","solID","cluster","top_sol"
"1",2022-01-03,109012.15,44489.060298276,-3225.45338831902,12019.2399660692,0,0,0,0,6954.51337644882,0,0,2149.52710730098,771.435608918108,4392.74582560665,10922.4480897723,945.916112879695,13552.7286479925,0,15387.2372094356,0,0,69.3391659355431,0,0,108428.738020316,"3_623_8",1,TRUE
"2",2022-01-10,73283.61,55031.7314403648,0,12002.4823302884,0,0,0,0,4001.12614903585,0,0,862.471316240117,1500.1231254273,4097.20994228916,8778.99520187418,899.110425108884,13458.8880314544,0,16125.722250039,0,0,2.20405724647732,0,0,116760.064269369,"3_623_8",1,TRUE
"3",2022-01-17,131683.31,45052.0253539615,0,11985.7246945076,0,0,0,0,3074.29411018712,0,0,631.890146711787,1557.94627097368,3733.84059627019,7921.29158697246,834.651059242851,13038.2608245562,0,20858.5329228345,0,6475.12956612772,0.0385429515544082,0,0,115163.625675297,"3_623_8",1,TRUE
"4",2022-01-24,100509.72,25675.8810054109,0,11968.9670587268,0,0,0,0,2603.82251205581,0,0,1042.58586581889,1324.02371867815,3861.205063574,9168.05037326572,794.431447275146,13045.4667956484,0,30102.0993660935,0,6888.44219897016,0.000384087627187005,0,0,106474.975789605,"3_623_8",1,TRUE
"5",2022-01-31,67467.38,10401.2739778214,0,11952.2095461221,0,0,0,0,1977.13144589766,0,0,709.994043672917,1421.60849110742,3698.06418006347,7446.71588259677,685.644968922601,12722.5319866634,0,8441.36361494275,0,5277.38187282882,2.23425467154488e-06,0,0,64733.9200128736,"3_623_8",1,TRUE
"6",2022-02-07,59977.47,3490.68642576916,0,11935.4520335174,0,0,0,0,484.368068307876,0,0,516.288171050669,1575.2503372165,3450.19355635956,6278.15158852923,620.467760755221,12831.2348750451,0,18527.8714085619,0,2318.84993891639,7.73920645485658e-09,0,0,62028.8141640368,"3_623_8",1,TRUE
"7",2022-02-14,50862.34,286.893152395863,0,11918.6945209128,0,0,0,0,642.896745417899,0,0,3639.11824134819,1702.15279240164,3834.66944964283,8059.99151538313,633.561615872499,12734.0147435556,0,18468.6214607063,0,417.788859725075,1.62369995657199e-11,0,0,62338.4030973618,"3_623_8",1,TRUE
"8",2022-02-21,51206.7,-4126.25009874575,0,11901.9370083081,0,0,0,0,220.078367503067,0,3.99052623827961,887.479598146855,1468.00140453693,3285.29275506812,6352.91693047533,612.044654846192,12502.6934668115,0,8225.10231154743,0,6471.34361933521,2.09402726069468e-14,0,0,47804.6305440713,"3_623_8",1,TRUE
"9",2022-02-28,42673.97,-9048.40362075502,0,11885.1794957034,0,0,0,0,476.308606742356,0,227.45838629144,559.414419056336,830.463043204563,3033.87383245327,4899.05231234186,527.408164386662,11974.5936674457,0,7537.72488327662,0,6884.65739880453,1.6818439467739e-17,0,0,39787.7305889518,"3_623_8",1,TRUE
"10",2022-03-07,45714.2,-10573.3868802143,0,11868.4226787183,0,0,0,0,4177.54779442252,0,3287.87525805851,539.536234574819,492.747823568641,3302.91744025962,4579.04057750683,499.306482751808,11949.9395382946,0,2471.97503113309,0,5273.75681834845,117.778993522214,0,0,37987.4577909452,"3_623_8",1,TRUE
"11",2022-03-14,49948.56,-7512.45649737015,0,11851.6658617332,0,0,0,0,3090.59958982508,0,13134.5530138889,92.6370828909352,363.97025889298,3328.81453629294,8348.64715693773,525.066047821654,12165.1560402667,0,298.711798437464,0,2316.67198507125,3165.50861847233,0,0,51169.5454931611,"3_623_8",1,TRUE
"12",2022-03-21,68574.79,-3193.81208946659,0,11834.9090447481,0,0,0,0,2183.12104143825,0,20996.3270598077,106.446685097267,461.06696869526,3708.39922253747,10361.2136920211,512.126190434091,12635.6536824935,0,36.5281602587398,0,417.328742949689,4692.45066990037,0,0,64751.759070915,"3_623_8",1,TRUE
"13",2022-03-28,71420.31,-1737.28412909179,0,11818.152227763,0,0,0,0,2186.4840574724,0,23431.76866396,1306.80456489165,598.642901731592,3879.70194003103,10581.9579354291,483.685988343558,12978.8412590932,0,369.724080333869,0,28.5378297897435,5535.99795495096,0,0,71463.0152746984,"3_623_8",1,TRUE
"14",2022-04-04,75851.03,-3962.30801278153,0,11801.3954107779,0,0,0,1428.92325447972,1775.90812513569,0,21822.2518226428,1738.81781409091,894.983728253393,4237.29154882774,12107.785761682,586.453857053046,13383.6301362282,0,5029.68300918109,0,0.741156244096868,2509.14988117697,0,0,73354.707492992,"3_623_8",1,TRUE
"15",2022-04-11,69018.53,-7493.09749951422,2659.5295373072,11784.6393943244,0,0,0,2539.31707834651,1555.12578417283,0,15954.9260972549,2458.6083200707,1499.25033113323,4255.63251920431,10622.8006401187,672.653530128283,13291.5121830855,0,4154.08536840076,0,0.0067918132460794,398.97637921437,0,0,64353.9664550606,"3_623_8",1,TRUE
"16",2022-04-18,46979.28,-9994.98344372913,614.55054538661,11767.8833778709,0,0,0,3723.29049041727,2287.56141016359,0,8463.1861709027,1532.87127012903,1636.64510883396,4333.82841440266,10780.3455741975,718.694154941474,12515.6246122867,0,1571.4541082436,0,1.9983115802457e-05,25.9647022601463,0,0,49976.91651629,"3_623_8",1,TRUE
"17",2022-04-25,39929.52,-11296.6074332175,-5726.36998677245,11751.1273614173,0,0,0,4812.1203958293,2878.32163233369,0,4787.60616513035,3671.25363172412,2173.44372856264,4284.71817447401,9233.38306374927,761.289933100564,11513.7440088694,0,4258.08760671306,0,1.71922288000004e-08,0.856120332393399,0,0,43102.9744022634,"3_623_8",1,TRUE
"18",2022-05-02,39493.51,-12529.3366809149,0,11734.3713449638,0,0,0,5310.15497018067,2869.37619363396,0,4082.71346061171,3279.83609054824,2215.54697009489,4340.89376335609,9362.89294918056,727.038404963379,10438.2412060565,0,4773.02476906285,0,3.94910642569552e-12,0.015401780969044,0,0,46604.7688435188,"3_623_8",1,TRUE
"19",2022-05-09,51258.68,-14277.3330204229,0,11717.6153285103,0,0,0,5701.00605402473,2897.2637033555,0,3949.36542974311,731.71843113954,1317.98090887304,4195.74209837963,7784.5710289374,612.690927890322,9905.12834608945,0,0.0497620537326804,0,2.21676142503467e-16,4518.7457035821,0,0,39054.5447021559,"3_623_8",1,TRUE
"20",2022-05-16,38260.79,-16163.5171072631,0,11702.7736922553,0,0,0,5981.27765074036,2803.088305324,0,3361.15243471519,349.902777962088,659.004965542394,3651.98608772927,7794.33779048616,505.089758369254,9760.34462339824,0,6604.71597985754,0,2.78939087248729e-21,6380.03444153338,0,0,43390.19140065,"3_623_8",1,TRUE
"21",2022-05-23,31113.52,-17700.7188507417,0,11687.9320560003,0,0,0,6679.10997882415,2870.09949182636,0,2373.85641078848,343.084686398778,295.029323169543,3502.4408741445,8275.26462054094,401.759468954957,9000.00656819991,0,8162.92748000492,0,7.2321297327315e-27,3211.77418183049,0,0,39102.5662899415,"3_623_8",1,TRUE
"22",2022-05-30,30682.07,-18705.0401076862,1520.82592249989,11673.0904197452,0,0,0,7529.44217193702,2896.36496939971,0,1509.30194309058,131.178102293087,161.029212065671,3250.68634302641,9704.16247484717,301.230627299684,9975.94653445283,1671.86963510448,566.469955272413,0,3.55788241611967e-33,3241.15032461444,0,0,35427.7085279624,"3_623_8",1,TRUE
"23",2022-06-06,24650.71,-18841.6036192767,0,11658.2487834902,0,0,0,8080.23550749179,2461.12561694975,0,1019.13222348366,146.000456912813,103.507290452249,3238.05304554554,7322.6810152745,186.163922171612,10242.9718361851,3803.24784630747,2219.09107082971,0,3.063577149982e-40,1253.08207792959,0,0,32891.9370737473,"3_623_8",1,TRUE
"24",2022-06-13,36885.67,-17465.3322446019,0,11643.4071472351,0,0,0,8089.09347565428,2855.64992040166,0,734.385794346874,212.023723688133,44.7321923111524,3283.53236036868,5593.78058552192,182.737522334841,9990.02144891403,5365.20522919123,4321.98616069229,0,4.26584519804827e-48,195.269932374422,0,0,35046.4932484328,"3_623_8",1,TRUE
"25",2022-06-20,38532.49,-14311.9587211611,0,11629.0260906258,0,0,0,7682.46133244084,3699.31240386861,0,480.524686422295,1471.52259850976,74.1917567159498,3714.63681183681,14436.2244226527,146.110980789406,10350.7248129164,6198.82991770294,2675.19920993764,0,8.88752639512591e-57,13.6738140577204,0,0,48260.4801173157,"3_623_8",1,TRUE
"26",2022-06-27,45480.26,-9953.30322380584,0,11614.6450340164,0,0,0,7218.88369164754,3091.80731784639,0,273.49866266629,839.995232203849,120.16264040296,3412.26453674588,10781.0868459327,147.511052118351,10543.2750784021,6365.62943404298,4903.45052610071,0,2.56687831121847e-66,0.486202257688383,0,0,49359.393030578,"3_623_8",1,TRUE
"27",2022-07-04,46726.58,-5078.9391358921,0,11600.263977407,0,0,0,7182.80378158808,2721.70325942578,0,129.689127590878,565.626211625114,90.8881166086967,3297.4774846607,6296.50731660634,181.068210954472,10716.5448336947,5855.21719567643,2508.16368424011,0,9.53401788161992e-77,0.00930309596806751,0,0,46067.0233672821,"3_623_8",1,TRUE
"28",2022-07-11,54130.17,411.19461619717,0,11585.8829207976,0,0,0,7180.27705493196,2746.33806028998,0,41.046056743044,911.471118724541,69.5411072578716,3211.43937735603,7941.3824637306,190.288995332963,11045.3878259405,4595.0744646248,6952.64485924242,0,4.22964484695464e-88,9.93725530140063e-05,0,0,56881.969020542,"3_623_8",1,TRUE
"29",2022-07-18,103301.78,6844.18270292888,0,11571.5018641882,0,0,0,6995.85597252953,2718.05594833884,0,6.49057664240103,909.497782341474,104.769909748027,3445.7549721989,8550.31694086638,267.92068360847,11572.5087238125,2755.22241533478,7144.60321575596,0,2.08392204802289e-100,6.09936395162383e-07,0,0,62886.6817089043,"3_623_8",1,TRUE
"30",2022-07-25,90374.09,13122.8760677791,0,11558.4512948591,0,0,0,6570.74924664455,2720.00594731132,0,0.407049966099973,356.092367072079,262.815625384632,3494.10304374915,10777.0203115099,338.526720641072,11850.4305017307,1096.88473452112,10286.9152777457,0,1.06133834445718e-113,2.20290453480892e-09,0,0,72435.2781889167,"3_623_8",1,TRUE
"31",2022-08-01,77203.24,16422.5783618019,0,11545.40072553,0,0,0,6115.69674466191,3090.59541734002,0,0.0627272691244007,171.718566050496,429.447544517394,3412.27550066393,11774.0923554015,393.893693705261,11927.2156106751,265.005082506072,2325.96224220389,0,0,4.77569029289091e-12,0,0,67873.9445723267,"3_623_8",1,TRUE
"32",2022-08-08,67982.9,14425.1300824663,0,11532.3501562009,0,0,0,6008.01472622746,3314.98334235909,0,1.60334530699228,342.760881496905,565.537225774921,3734.57768888973,9749.97885665556,427.513610147661,11956.291615787,37.4465098232858,350.67989077228,0,0,3457.55843477327,0,0,65904.4263666814,"3_623_8",1,TRUE
"33",2022-08-15,54111,7840.89038990954,-6801.2143485767,11519.2995868718,0,0,0,6287.01110612197,3615.93960015123,0,22.0644783074803,100.728551451883,429.09510855309,3568.20122489521,8265.14171983338,507.469767135064,12019.8729670349,2.93681538799958,4644.75487578859,0,0,2462.6760572002,0,0,54484.8679000657,"3_623_8",1,TRUE
"34",2022-08-22,61951.37,2.118550228585,0,11506.2490175427,0,0,0,6668.26643161993,3814.85090018146,0,119.61282913773,91.2471718797782,650.384855559749,3703.21384191511,9426.70367441273,470.607804327621,11987.2485326036,0.117733827604137,4284.95741881835,0,0,548.776378075732,0,0,53274.3551401307,"3_623_8",1,TRUE
"35",2022-08-29,59294.78,-6293.26123285856,0,11493.5665688746,0,0,0,6903.82281665034,4988.65055133136,0,344.368152724436,140.970409743033,1056.51131019575,3956.76266806948,10100.798112294,492.683606260379,11638.2386780395,0.00219766884204641,3249.05685730577,0,0,1546.24557387421,0,0,49618.4162701731,"3_623_8",1,TRUE
"36",2022-09-05,21091.83,-10872.9843236135,0,11480.8841202064,0,0,0,6950.02676442255,5245.84171154635,0,606.890284835127,202.86359081179,1419.32003003991,3794.23744934135,8695.52774361378,477.22175566721,10912.5846747186,1.73648906964245e-05,0.0331228556310674,0,0,734.406901893054,0,0,39646.8538437031,"3_623_8",1,TRUE
"37",2022-09-12,25065.11,-14642.9033166443,0,11468.2016715382,0,0,0,7024.6703789352,5146.86712788438,0,710.966270380639,236.166125478832,1481.81054164013,3535.69328823416,7006.1108439205,537.085067338182,10044.0757059032,5.27133460667722e-08,2246.99429132997,0,0,128.622524801041,0,0,34924.3605207929,"3_623_8",1,TRUE
"38",2022-09-19,35849.28,-16832.3843837471,0,11455.51922287,0,0,0,7226.6277285536,4323.5049001553,0,588.59055380474,190.243804072527,1644.10872023029,3986.87949344202,10156.3726698121,614.313079182847,9310.69296000019,5.56513295227245e-11,415.194632670809,0,0,1212.89510740207,0,0,34292.5584884495,"3_623_8",1,TRUE
"39",2022-09-26,63190.78,-15523.3802741063,0,11442.8367742018,0,0,0,7600.96113822607,84.0887467649742,0,412.291749887475,340.408744747325,1755.83759198453,4219.57729803134,9544.68299516173,677.445783083851,8550.90206836007,1.84418268063871e-14,4998.55039053161,0,5689.72930626396,658.545085508456,0,0,40452.477398647,"3_623_8",1,TRUE
"40",2022-10-03,10828.96,-11510.1636824413,0,11431.3290096338,0,0,0,7899.41554450775,23.9887525784829,0,394.939798245909,253.593169447092,1603.5108265053,3876.08599621691,8053.61240972712,614.167874215122,7612.95590934024,1.72602747455584e-18,412.817009858162,0,6778.70150829714,120.444874712514,0,0,37565.3990008442,"3_623_8",1,TRUE
"41",2022-10-10,35579.2,-9887.17749568561,0,11419.8212450657,0,0,0,8891.87481054741,57.9618888840684,0,701.278224783141,274.812152276744,1317.40283052124,3842.45890388839,7641.25652707759,525.671381270934,6620.92287343584,4.09312118685919e-23,396.05906914382,0,7207.49433611273,9.26588373070593,0,0,39019.1026310527,"3_623_8",1,TRUE
"42",2022-10-17,35010.05,-15135.9047016813,0,11408.3134804976,0,0,0,9748.58182901495,76.164994392693,0,1521.32218490966,414.682299603746,1024.87226257554,3981.5507267627,8003.61682494855,556.17490174112,5710.49109982975,2.19999208129062e-28,197.66694900882,0,7592.82060715416,917.879706634589,0,0,36018.2331653925,"3_623_8",1,TRUE
"43",2022-10-24,31602.97,-23860.2948690297,0,11396.8057159295,0,0,0,9965.9849650096,47.409610655087,0,2624.45705188433,870.10748147901,708.823828925578,3753.66672231756,7057.79434281048,520.736166108134,4918.7907929025,2.39075051895643e-34,8925.06047853316,0,7206.20719967002,566.893393660339,0,0,34702.4428808556,"3_623_8",1,TRUE
"44",2022-10-31,41997.89,-24646.7832125742,10287.8610064012,11385.2979513614,0,0,0,9613.88355384176,0.0113980244565674,0,3193.26924195068,588.039007711772,1064.54450673206,4679.19109179359,10456.583492918,755.282872151888,4411.12795733803,4.67315004603816e-41,4040.78384694556,0,5381.72970154617,1755.5529096507,0,0,42966.3753257931,"3_623_8",1,TRUE
"45",2022-11-07,42795.77,-8413.06429146717,0,11373.7901867933,0,0,0,8753.08968184915,2.91391890137698e-11,0,2740.16488482503,716.874672553466,2425.8126985916,5278.74543963237,12432.6475611256,1080.36615382815,4049.25046323918,1.4578958192009e-48,1963.93235617478,0,5711.55897992231,793.650495491713,0,0,48906.8192825595,"3_623_8",1,TRUE
"46",2022-11-14,116564.3,19923.2438360522,0,11363.1541313868,0,0,0,7590.80625657016,9628.55487063573,0,1633.40522469823,2252.52989231553,3039.06467534072,5860.76123054275,15403.1613571379,1291.41164469771,3942.54096936215,6.4247806307464e-57,15434.9218048482,0,6072.82879300713,131.635802318182,0,0,103568.020488913,"3_623_8",1,TRUE
"47",2022-11-21,214370.37,41991.8413360501,0,11352.5180759803,0,0,0,6691.45628118567,51801.2418903735,0,625.259643606542,7935.04478443865,4923.48414180521,6988.65070192907,21589.6713104896,1809.65016972548,4031.81419727754,3.53103950541606e-66,49971.803532923,0,4518.35806176697,9.55171552171576,0,0,214240.345843073,"3_623_8",1,TRUE
"48",2022-11-28,82077.76,41208.2806836376,0,11341.8820205739,0,0,0,6124.27764023963,1103.71533770765,0,136.151355663085,4417.83826849699,5210.76767639167,6104.09390891133,15250.7061223019,1798.21987497015,3970.0161982444,2.13160640784624e-76,8128.01211235595,0,1885.61953218224,0.345664618891084,0,0,106679.926396295,"3_623_8",1,TRUE
"49",2022-12-05,53118.97,19064.404933656,-27653.5547400729,11331.2459651674,0,0,0,5864.68944707093,15460.0480694945,0,14.7241951567526,1245.42543778907,4612.62509517816,4809.20235177305,10329.5258142187,1638.46501039758,3954.15744389335,1.24192198429651e-87,6383.18197861848,0,329.111369403076,0.00666956874282107,0,0,57383.2590413129,"3_623_8",1,TRUE
"50",2022-12-12,55529.88,-4373.87861562873,0,11320.6099097609,0,0,0,5833.43606283227,25423.418500411,0,0.68226377391272,737.953792449523,4260.91042328165,4368.65596837774,9661.50033016268,1508.73376616582,3939.86711478284,6.12188435247835e-100,5865.53223988442,0,22.3629333333342,7.15342917246801e-05,0,0,68569.7847611216,"3_623_8",1,TRUE
"51",2022-12-19,17060.65,-7743.90872740608,-21074.2823246735,11311.573633708,0,0,0,5704.6535186656,48.0279978488992,0,0.0115262877731814,399.720629850095,3559.24355524862,3761.95110229866,6253.54873063866,1235.72289122592,3866.95423354633,2.2331583728638e-113,1003.02348154687,0,5435.03760258613,4.39982351200972e-07,0,0,13761.277851812,"3_623_8",1,TRUE
"52",2022-12-26,23639.8,12674.1664664833,-38869.4974838663,11302.5373576552,0,0,0,5490.66092232429,4.69721808854322,0,5.99010737947204e-05,288.28399613866,1823.62448253239,3416.92303714501,4705.71080498083,943.2528207497,3875.43378068667,5.26110762869097e-128,6212.86889031003,0,5838.56079420829,53.8804901004584,0,0,17761.1036374381,"3_623_8",1,TRUE
"53",2023-01-02,112255.96,40480.5974216103,-3225.45338831902,11293.5010816024,0,4670.44295392314,4688.44358499248,5218.0504675996,2196.23829031102,0,8.05091714035918e-08,736.235034584977,2026.346591222,5092.57176605847,9204.8864848124,1074.96299929852,3954.75991943278,6.97101938740671e-144,4491.69268775017,0,4308.63928882626,900.554005394972,0,0,97112.469189181,"3_623_8",1,TRUE
"54",2023-01-09,93283.18,54780.8237294214,0,11284.4648055495,0,0,6721.0135524903,4930.94976278572,10294.0337309228,0,2.35238051679372e-11,849.265424040968,2307.55829300924,5342.49681405544,12099.1139978294,1235.54263200385,3505.99818724707,4.51431024397888e-161,2531.16940657113,0,5834.28856370738,554.599112645298,0,0,122271.31801228,"3_623_8",1,TRUE
"55",2023-01-16,163683.59,47966.0958146301,0,11275.4285294967,0,0,7442.90444967019,4678.93208355988,10690.9848399561,0,1.25813973806518e-15,705.879556632454,2647.68227755675,5375.30445139735,13641.8365927637,1339.54339342895,2988.65573897339,1.23899732007822e-179,5286.7743438718,0,6226.6672961329,108.12937229674,0,0,120374.818740367,"3_623_8",1,TRUE
"56",2023-01-23,135103.9,29142.1835065964,0,11268.5361681518,0,0,7530.93289350029,4490.98991985042,11692.7205933111,0,1.03904464904657e-20,834.921785705608,3149.99987967285,5314.0679238368,14231.3320534639,1308.89954816167,2471.93803684026,0,2758.5231193121,0,4658.2584632816,9.06734429136896,0,0,98862.3712359762,"3_623_8",1,TRUE
"57",2023-01-30,115877.26,12484.5495154153,0,11261.6438068068,0,0,7268.36556114094,4261.39773212948,4393.87890299554,0,1.11895237473246e-26,571.845773857572,3377.28714912647,5240.6031371336,14408.565977699,1274.45135776544,1992.32338708138,0,8929.91294778494,0,1962.16898275575,0.38030112325399,0,0,77427.3745328155,"3_623_8",1,TRUE
"58",2023-02-06,83048.07,4259.71347454939,0,11254.7514454619,0,0,6591.26660321736,3877.91168509364,1115.17751100921,0,1.32689650841882e-33,521.416570890066,2840.63483781541,5411.98077692197,13592.0899156939,1248.98923959576,1569.23327514356,0,6493.15289810081,0,344.374621017066,406.134922896027,0,0,59526.827777406,"3_623_8",1,TRUE
"59",2023-02-13,55915.92,868.33433859063,0,11247.8590841169,0,0,5833.89065451162,3407.00972115519,1043.70548126709,0,1.46179829075906e-41,361.089777239332,2998.19114466424,5400.55713918784,11323.7248187011,1342.77299820635,1210.63528204901,0,5147.10864466303,0,23.425708940972,2612.12449703068,0,0,52820.429290324,"3_623_8",1,TRUE
"60",2023-02-20,59609.23,-3204.77668954815,0,11240.966722772,0,0,5555.53346406408,2851.99463253584,1041.4273133297,0,1.26038928040725e-50,1002.15781836968,4353.87137063498,5880.46338456075,9758.38300509953,1489.91993475738,916.631319257088,0,13905.0511680452,0,5826.2516326033,1335.20358472193,0,0,61953.0786612033,"3_623_8",1,TRUE
"61",2023-02-27,56002.57,-8311.55847907603,0,11234.4001360737,0,0,5697.29672928498,6852.38547515889,1379.55116535294,0,7.15300421276513e-61,424.650533439169,4397.42089690294,5457.85088454956,7819.78779201976,1460.54628929562,682.325212816186,0,9702.26973148592,0,6909.15182332029,229.540149197632,0,0,53935.6183398216,"3_623_8",1,TRUE
"62",2023-03-06,50441.41,-10670.4789483604,0,11227.8335493755,0,0,6228.34041246952,9615.67304807208,2247.48064123903,0,2.24321158929087e-72,379.783151471753,3186.74259825634,5105.21978414745,6882.11658824867,1217.49811361437,500.123232611151,0,1708.98907331437,0,7048.06116919587,1281.01858459859,0,0,45958.4009982542,"3_623_8",1,TRUE
"63",2023-03-13,50204.96,-8288.11019898938,0,11221.2669626773,0,0,6640.82060343009,10668.8656009245,2543.08177864153,0,3.25782792066138e-85,265.601609308209,2044.44198575595,4877.98960485866,7613.9588995848,974.754775772198,361.445591542763,0,1057.70455193984,0,6450.33117692247,2162.33467128319,0,0,48594.4876136521,"3_623_8",1,TRUE
"64",2023-03-20,51824.53,-3845.29063309251,0,11214.700375979,0,0,6705.96679578719,10874.0906766512,2721.50327221207,0,1.833234355422e-99,254.505741653698,1837.74224318079,5179.09966272299,9256.67493618779,947.55271264197,257.870988030964,0,481.211910504086,0,4610.89745993751,816.61078771881,0,0,51313.1369301155,"3_623_8",1,TRUE
"65",2023-03-27,69971.46,-1695.29474293211,0,11208.1337892808,0,0,6742.72043101697,10522.369737886,11878.3106120803,0,3.33893318095073e-115,296.075265463647,1713.37790336064,6084.02412732739,11054.6497892774,1062.50054154343,181.801236370286,0,5019.44564307738,0,1907.79248258422,1859.62744943892,0,0,67835.5342657753,"3_623_8",1,TRUE
"66",2023-04-03,57994.03,-3380.68671406283,2659.5295373072,11201.5675264159,0,0,7281.9201035215,9682.32661422687,4215.468417884,0,1.64176322516672e-132,1748.69402727768,1412.47212136443,6207.2410968055,9951.46425122741,1012.91749439675,126.765885243671,0,0.0530521088287287,0,332.670624126635,3588.12450007118,0,0,56040.5285379147,"3_623_8",1,TRUE
"67",2023-04-10,69225.24,-6895.49074180047,614.55054538661,11195.0012635511,0,0,7811.18664931932,8468.64007080526,3754.68505566471,0,1.8151599056087e-151,623.038696697483,2124.39245392475,7033.78945206063,11648.3488169068,1026.59304669754,87.4861291860718,0,471.83894300672,0,22.6039425264168,1619.94961470408,0,0,49606.613938637,"3_623_8",1,TRUE
"68",2023-04-17,41036.01,-9659.94668442555,0,11188.4350006862,438.976882654226,0,7929.04243774853,7591.01750569769,1896.30946002838,0,3.75328731962198e-172,175.796121228176,2492.22066892808,6555.91092453664,10894.6825443015,1009.46693301799,59.7969900712,0,481.084976667774,0,6389.32011089106,259.330373334295,0,0,47701.4442453662,"3_623_8",1,TRUE
"69",2023-04-24,60967.67,-11103.1392251614,6365.30067777492,11181.8687378213,0,0,7891.31508932946,8300.7618691869,1483.8411540763,0,1.20564412174133e-194,955.166305214036,2445.364424599,6414.72025497229,12422.1600518167,1069.01960921846,40.4999756725897,0,477.399948840909,0,6802.59612574713,17.4422779982494,0,0,54764.3172771069,"3_623_8",1,TRUE
"70",2023-05-01,44260.72,-12272.6744299666,-1653.43092522872,11175.3024749565,0,0,7863.28389717221,8855.79837472665,5785.40149900767,0,4.99118439176607e-219,511.072440472582,2827.37341523903,6291.18738843634,12765.0900241433,1108.98354784135,27.1934615121265,0,556.92520854764,0,5195.40358318441,1136.23945875346,0,0,50173.149418798,"3_623_8",1,TRUE
"71",2023-05-08,40464.8,-13937.0935321311,0,11168.7362131686,0,4670.44295392314,7939.44075889302,8859.03290293584,3793.56176577466,0,2.20648502920217e-245,972.36710630096,3046.15795083231,6221.91021302406,13050.8318830959,1303.94421677563,18.1084177682734,0,5110.53671317006,0,2269.86425934262,3356.06152020383,0,0,57843.9033430779,"3_623_8",1,TRUE
"72",2023-05-15,45797.87,-15843.0277518169,0,11162.1699513808,0,0,8087.37088675633,8375.16887650162,651.657668103114,0,8.62053620518533e-274,963.574679870089,2739.36348165699,5680.69977682995,13730.6615497906,1285.83260333046,11.963350506067,0,10365.5619569415,0,407.476050498155,1583.72222562355,0,0,49202.1953059723,"3_623_8",1,TRUE
"73",2023-05-22,33512.58,-17461.5883754225,0,11155.6036895929,0,0,8165.81973581637,7493.49411965718,1260.51270583582,0,2.4605414942662e-304,2011.71749233,2107.17491270446,5093.00884645477,12036.5538998749,1120.44225810118,7.84356731504783,0,1324.24974783324,0,6306.69688589796,257.007656971059,0,0,40878.5371429623,"3_623_8",1,TRUE
"74",2023-05-29,40485.49,-18573.827203075,1520.82592249989,11149.037427805,438.976882654226,0,8172.6539332233,6337.33780630297,7441.00007023318,0,0,726.836612392349,1104.04053366137,5111.10932419199,11684.2797784667,983.260103220162,5.10482089460783,0,1289.31090611565,0,6719.8075315899,17.3333410158571,0,0,44127.0877911923,"3_623_8",1,TRUE
"75",2023-06-05,42912.21,-18909.2658328035,0,11142.4711660172,0,0,8136.19621236934,5071.93256126554,8513.35451360769,0,0,1238.69069517687,543.496267476038,5155.1616604293,12994.9152658022,932.8094198328,3.29882376492917,0,7745.21461020999,0,5116.82661088236,2606.72936828707,0,0,50291.8313423177,"3_623_8",1,TRUE
"76",2023-06-12,30126.21,-17845.1466507081,0,11135.9048738376,0,4670.44295392314,8068.56071567253,3858.52699468436,845.134967777736,0,0,1327.93829486266,714.367506574754,5150.49882811142,11975.3895870843,882.442714716124,2.1171186215638,0,240.9373534474,0,2223.43045150437,1734.42222833534,0,0,34984.9679384452,"3_623_8",1,TRUE
"77",2023-06-19,23882.73,-14988.4760539932,0,11129.338581658,438.976882654226,0,8048.26633522177,3402.15785343436,659.728383756337,0,0,2541.34102588724,681.290055666073,5190.65673046201,12111.0078065975,843.06326127674,1.34966570965742,0,8188.38172183548,0,397.769479326767,361.093244385462,0,0,39005.9449738784,"3_623_8",1,TRUE
"78",2023-06-26,35567.14,-10781.6543710135,0,11122.7722894784,438.976882654226,4670.44295392314,8063.86616211013,4452.11061510805,655.823257291087,0,0,1570.15202749273,516.200986520488,5409.89983797959,12976.7775340818,976.261652152113,0.85483570438661,0,8907.78419480823,0,27.161976625639,3156.6931608087,0,0,52164.1239957252,"3_623_8",1,TRUE
"79",2023-07-03,51566.69,-5980.27223754664,0,11116.2059972988,0,0,8219.30776753509,5350.22919179624,2715.89472333526,0,0,2381.36512699807,701.352758202836,5715.22173260748,14883.7410250461,1038.26542307616,0.538008319648536,0,14475.1846418881,0,0.705352849804221,1882.49309627842,0,0,62500.2326076853,"3_623_8",1,TRUE
"80",2023-07-10,42699.58,-638.421135485025,0,11109.6397051192,0,0,8406.16537757701,5781.75822217907,3709.60693702221,0,0,1377.20778210341,1701.31784313106,5743.57593729668,14644.6035663379,1118.1430736075,0.336522823038437,0,14565.807519269,0,0.00646370061694737,378.931132304496,0,0,67898.6789469861,"3_623_8",1,TRUE
"81",2023-07-17,91621.96,5646.87905280281,0,11103.0734129396,0,0,8472.18851401395,5829.76357539054,3720.45237267123,0,0,1067.18749793123,1895.62904786168,6002.03392231079,15234.5553408776,1194.98155600356,0.20923002274872,0,21909.3625434169,0,1.90177306250139e-05,29.7761031549414,0,0,82106.0921884153,"3_623_8",1,TRUE
"82",2023-07-24,72275.17,12127.2722284129,0,11096.50712076,438.976882654226,0,8451.06271586618,5639.72525856948,3759.90024571853,0,0,186.86127221355,1342.01192074177,5134.11491152864,10626.1929636909,1079.84274871315,0.129323713000284,0,22123.8144763753,0,1.6361671491597e-08,1.11705924303766,0,0,82007.529128217,"3_623_8",1,TRUE
"83",2023-07-31,93278.86,16185.3233414263,0,11089.9408285804,438.976882654226,0,8513.86313357273,5277.05434603899,2844.23795720412,0,0,318.45763229406,1911.80234149406,5928.91201417164,15614.5789961268,1368.65092904882,0.0794756641548141,0,13213.2328550661,0,3.75832492542092e-12,0.0219995429576569,0,0,82705.1327328854,"3_623_8",1,TRUE
"84",2023-08-07,70671.81,15185.9490578718,0,11083.3745364008,0,0,8673.49445909782,4730.96641440356,1923.31725626867,0,0,360.903243903865,2446.74504030766,5730.14741177638,15839.0102515781,1519.27613633577,0.0485675209535781,0,7552.79601692916,0,6013.86393365875,0.000238916074511235,0,0,81059.8925649693,"3_623_8",1,TRUE
"85",2023-08-14,49980.83,9218.47454864734,-6801.2143485767,11076.8082442212,0,0,8756.06620388744,4036.62904785209,1902.104065284,0,0,799.548113975986,2624.21394591153,5485.35877130375,14413.381416623,1458.61303728704,0.0295164749990557,0,6787.35599501964,0,6425.3578836054,1.48096318782997e-06,0,0,66182.7264429976,"3_623_8",1,TRUE
"86",2023-08-21,59430.1,1337.55569901121,0,11070.2419520416,0,0,8774.74698936362,3243.82104531071,1887.42913914129,0,0,526.956859094866,2956.78832565104,5540.56621222898,14475.3818219023,1440.58010362559,0.0178417803256859,0,18376.0547380081,0,4841.12446503489,5.38113956499383e-09,0,0,74471.2651921999,"3_623_8",1,TRUE
"87",2023-08-28,71966.5,-5322.125333365,0,11063.675659862,0,0,8673.39407865351,2425.86445956838,295.554268512789,0,0,203.075396654003,2836.95284916497,4070.55696345033,6835.67586300746,1283.33477335093,0.0107278565177696,0,19456.032600702,0,2064.41160406589,1.17099076913502e-11,0,0,53886.4139114838,"3_623_8",1,TRUE
"88",2023-09-04,46603.13,-10130.097487641,0,11057.1093676824,0,0,8375.75307401283,1670.05283236143,714.53506727471,0,0,243.02785113125,2732.69834110403,4605.64418674964,12011.4618870405,1170.62667560522,0.0064170066867661,0,0.249474285957822,0,365.027340460651,1.5535304849246e-14,0,0,32816.0950270742,"3_623_8",1,TRUE
"89",2023-09-11,41864.89,-14032.2134457371,0,11050.5430755028,0,0,8101.37861121526,1050.00663424865,1502.39922865611,0,0,181.040122868546,3316.56398931564,4605.06966738476,12272.6200498535,1082.71710195973,0.003818901278452,0,2.03059627174717e-16,0,24.8674657481977,6722.552669444,0,0,35877.5489893613,"3_623_8",1,TRUE
"90",2023-09-18,41632.65,-16653.6318500117,0,11043.9767833232,0,0,8012.73243786454,600.243243365407,594.155216460044,0,0,699.742721306604,3444.31748276956,4688.50018285064,11587.8298262783,1117.49915071239,0.00226136418073419,0,5905.00850373433,0,6346.04676980694,8479.53253931573,0,0,45865.9552691401,"3_623_8",1,TRUE
"91",2023-09-25,32723.04,-16041.8902519581,0,11037.4104911436,438.976882654226,0,7560.31858574986,311.52026875733,579.281834742141,0,0,722.186086625851,3016.78538154888,4546.813567568,8672.97310451576,1183.26705746264,0.00133249838136039,0,1384.03045164968,0,6759.2521701794,5308.0341604663,0,0,35478.961123604,"3_623_8",1,TRUE
"92",2023-10-02,21952.17,-12235.3419807692,0,11030.844198964,438.976882654226,0,6389.37258504704,146.804472079702,69.8903668394523,0,0,1374.06937782319,2279.64976054196,4157.00199557984,7888.00429032232,1164.16887568493,0.000781381816391669,0,0.0135970244712111,0,5154.20592071072,1099.84714235661,0,0,28957.5082662411,"3_623_8",1,TRUE
"93",2023-10-09,21341.26,-9732.598544518,0,11024.2779067844,0,0,4595.00457669873,62.8557358652981,0.0149757778753183,0,0,1828.70168851039,2412.29349769252,3590.51678983356,7196.94089867942,1048.84605536652,0.00045603180695741,0,981.246693129651,0,6470.48148998582,72.0028967571532,0,0,29550.5851165951,"3_623_8",1,TRUE
"94",2023-10-16,36277.31,-13710.080575319,0,11017.7116146048,877.953765308453,4670.44295392314,2341.52652463321,3173.93704901198,1015.71048936475,0,0,2125.69799002643,3340.93098985008,3460.83994625051,5834.76750000808,1013.12438891652,0.000264908295537806,0,1000.44523568785,0,7578.06962683914,6082.51423901392,0,0,39823.5920030281,"3_623_8",1,TRUE
"95",2023-10-23,28894.93,-22505.6607485372,0,11011.1453224252,438.976882654226,0,612.531691317276,5675.32687604096,744.09258046323,0,0,2610.82054435303,2957.0211146682,3516.36751382538,5679.1590611319,1011.78333969739,0.000153178072879488,0,5433.06942477062,0,8051.42594230745,4632.54556015195,0,0,29868.6052584476,"3_623_8",1,TRUE
"96",2023-10-30,35297.91,-25628.7724314847,10287.8610064012,11004.5790302456,0,0,65.8441225770115,6644.50706390385,723.614576365846,0,0,3695.41869623424,1997.25591175593,2997.20383713307,3717.70668203093,884.409135450491,8.81716648196189e-05,0,0.0576100139327308,0,8020.15272871616,4653.68453710932,0,0,29063.5225946245,"3_623_8",1,TRUE
"97",2023-11-06,24480.33,-12567.8883257666,0,10998.012738066,0,0,2.70181583827523,6771.94574633934,722.645369930008,0,0,4310.48892864415,1679.87155187611,3454.32091198251,4831.95529809116,825.7579908303,5.05268797053951e-05,0,149.879847183757,0,7053.21277411311,1868.50457596078,0,0,30101.4092736158,"3_623_8",1,TRUE
"98",2023-11-13,81457.76,14703.0323141046,0,10991.4464458864,0,4670.44295392314,0.0393969231081776,6449.30864959679,728.855422792295,0,0,6825.47532007008,1453.44476294646,3560.49794091017,5504.63301682274,825.595145104631,2.88273959221221e-05,0,19545.3126416257,0,4918.8199630241,284.511975647712,0,0,80461.4159782052,"3_623_8",1,TRUE
"99",2023-11-20,141564.75,39419.7838412495,0,10984.8801537068,877.953765308453,0,0.000187262131792286,6259.29544287545,727.060320961003,0,0,15745.164251614,1117.53312704829,3392.88099516908,5211.58514062914,848.354162510172,1.6375904584063e-05,0,25227.9404271946,0,2038.88231335319,19.0238849092788,0,0,111870.338030167,"3_623_8",1,TRUE
"100",2023-11-27,42111.38,43256.6747861666,0,10978.3138615272,0,0,2.66462648196089e-07,6266.22668867672,2677.3590648841,0,0,6875.67775130894,865.526227609255,3118.48622430421,5256.06469301403,758.627653714188,9.26293496635221e-06,0,348.4423432653,0,357.65922174821,1039.04609347679,0,0,81798.1046192249,"3_623_8",1,TRUE
"101",2023-12-04,40878.13,23839.0356701254,-27653.5547400729,10971.7475693476,0,0,1.04593882117433e-10,6430.99190065312,10394.8179286539,0,0,5546.67921881934,601.552181217597,3897.78077436393,7933.0705979006,902.665854254892,5.21748142423235e-06,0,0.00307019469717713,0,24.3353938873353,7937.01799269178,0,0,50826.1434172549,"3_623_8",1,TRUE
"102",2023-12-11,93564.38,-1196.13624911606,0,10965.181277168,0,0,1.04687574189587e-14,6563.52090393455,7568.33618844473,0,0,6291.57331016954,689.746678686235,6103.65532816441,14925.015129541,1286.60901480674,2.92662357004436e-06,0,139.588087222111,0,0.631781993488195,10535.2674806067,0,0,63872.9889345481,"3_623_8",1,TRUE
"103",2023-12-18,21195.49,-9089.13229437809,0,10958.6149849884,0,0,2.47663402542263e-19,6435.19087280759,170.827069536041,0,0,1400.03451764128,468.183989739284,6016.20284660737,14482.8663202852,1535.37621307768,1.63489674004491e-06,0,1598.06092480705,0,0.0057894586819509,10408.1145788598,0,0,44384.3458150651,"3_623_8",1,TRUE
"104",2023-12-25,82758,7833.79512061502,-2469.09396950578,10952.0486928088,0,4670.44295392314,1.28698954642567e-24,6025.90448037051,0.0283796569302763,0,0,351.631150211079,188.466327360309,4373.90878275221,7816.9417430659,1472.04397558319,9.09608192617026e-07,0,5808.45691075484,0,1.70339476867902e-05,7710.23250126778,0,0,54734.8070668075,"3_623_8",1,TRUE